repo_url,commit_hash,error
cmarkea/distilcamembert-base-sentiment,fc5ec2fd71a120896b5fe138a98b76e281f0dff0,[Errno 2] No such file or directory: 'tmp/cmarkea+distilcamembert-base-sentiment/model_quantized.onnx'
cmarkea/distilcamembert-base-sentiment,0a0ca314f457b885fb77405db3c97b91f3a84be1,[Errno 2] No such file or directory: 'tmp/cmarkea+distilcamembert-base-sentiment/model-quantized.onnx'
cmarkea/distilcamembert-base-ner,21be54a35ee5e86a424dace58d9f81e9c81f3781,[Errno 2] No such file or directory: 'tmp/cmarkea+distilcamembert-base-ner/tf_model.h5'
havocy28/VetBERT,18ad0830871821e43a0bc4a1dcc5cdcec9fbf5f7,[Errno 2] No such file or directory: 'tmp/havocy28+VetBERT/classes.npy'
bigscience/T0_3B,d63383cff6281fec0ee302d294edc204ce885d28,"Cmd('git') failed due to: exit code(1)
  cmdline: git checkout d63383cff6281fec0ee302d294edc204ce885d28
  stderr: 'error: Your local changes to the following files would be overwritten by checkout:
	model.safetensors
Please commit your changes or stash them before you switch branches.
Aborting'"
bhadresh-savani/distilbert-base-uncased-emotion,ce6f4ffcde7642ca2cac02381a16da38e5498ff7,"Cmd('git') failed due to: exit code(128)
  cmdline: git clone -v -- git@hf.co:bhadresh-savani/distilbert-base-uncased-emotion tmp/bhadresh-savani+distilbert-base-uncased-emotion
  stderr: 'Cloning into 'tmp/bhadresh-savani+distilbert-base-uncased-emotion'...
Downloading flax_model.msgpack (268 MB)
Error downloading object: flax_model.msgpack (d925341): Smudge error: Error downloading flax_model.msgpack (d925341280e22bf3041ac1cd44bc7e00b7ca267add097a8ffe14238b9e067826): can't close temporary file ""/afs/crc.nd.edu/user/a/acotaj/wip-model-evolution/scripts/tmp/bhadresh-savani+distilbert-base-uncased-emotion/.git/lfs/incomplete/d925341280e22bf3041ac1cd44bc7e00b7ca267add097a8ffe14238b9e0678261956770704"": close /afs/crc.nd.edu/user/a/acotaj/wip-model-evolution/scripts/tmp/bhadresh-savani+distilbert-base-uncased-emotion/.git/lfs/incomplete/d925341280e22bf3041ac1cd44bc7e00b7ca267add097a8ffe14238b9e0678261956770704: disk quota exceeded

Errors logged to '/afs/crc.nd.edu/user/a/acotaj/wip-model-evolution/scripts/tmp/bhadresh-savani+distilbert-base-uncased-emotion/.git/lfs/logs/20241023T122836.935821153.log'.
Use `git lfs logs last` to view the log.
error: external filter 'git-lfs filter-process' failed
fatal: flax_model.msgpack: smudge filter lfs failed
warning: Clone succeeded, but checkout failed.
You can inspect what was checked out with 'git status'
and retry with 'git restore --source=HEAD :/'

'"
bhadresh-savani/distilbert-base-uncased-emotion,fff238f293a3a39108ff7345a1638e000be81b50,"Cmd('git') failed due to: exit code(128)
  cmdline: git clone -v -- git@hf.co:bhadresh-savani/distilbert-base-uncased-emotion tmp/bhadresh-savani+distilbert-base-uncased-emotion
  stderr: 'Cloning into 'tmp/bhadresh-savani+distilbert-base-uncased-emotion'...
Downloading flax_model.msgpack (268 MB)
Error downloading object: flax_model.msgpack (d925341): Smudge error: Error downloading flax_model.msgpack (d925341280e22bf3041ac1cd44bc7e00b7ca267add097a8ffe14238b9e067826): can't close temporary file ""/afs/crc.nd.edu/user/a/acotaj/wip-model-evolution/scripts/tmp/bhadresh-savani+distilbert-base-uncased-emotion/.git/lfs/incomplete/d925341280e22bf3041ac1cd44bc7e00b7ca267add097a8ffe14238b9e0678263266190643"": close /afs/crc.nd.edu/user/a/acotaj/wip-model-evolution/scripts/tmp/bhadresh-savani+distilbert-base-uncased-emotion/.git/lfs/incomplete/d925341280e22bf3041ac1cd44bc7e00b7ca267add097a8ffe14238b9e0678263266190643: disk quota exceeded

Errors logged to '/afs/crc.nd.edu/user/a/acotaj/wip-model-evolution/scripts/tmp/bhadresh-savani+distilbert-base-uncased-emotion/.git/lfs/logs/20241023T122844.162072096.log'.
Use `git lfs logs last` to view the log.
error: external filter 'git-lfs filter-process' failed
fatal: flax_model.msgpack: smudge filter lfs failed
warning: Clone succeeded, but checkout failed.
You can inspect what was checked out with 'git status'
and retry with 'git restore --source=HEAD :/'

'"
bhadresh-savani/distilbert-base-uncased-emotion,702940c7e07f3d576c1b8ddf48b20ddaa9d78231,"Cmd('git') failed due to: exit code(128)
  cmdline: git clone -v -- git@hf.co:bhadresh-savani/distilbert-base-uncased-emotion tmp/bhadresh-savani+distilbert-base-uncased-emotion
  stderr: 'Cloning into 'tmp/bhadresh-savani+distilbert-base-uncased-emotion'...
Downloading flax_model.msgpack (268 MB)
Error downloading object: flax_model.msgpack (d925341): Smudge error: Error downloading flax_model.msgpack (d925341280e22bf3041ac1cd44bc7e00b7ca267add097a8ffe14238b9e067826): can't close temporary file ""/afs/crc.nd.edu/user/a/acotaj/wip-model-evolution/scripts/tmp/bhadresh-savani+distilbert-base-uncased-emotion/.git/lfs/incomplete/d925341280e22bf3041ac1cd44bc7e00b7ca267add097a8ffe14238b9e0678262287381409"": close /afs/crc.nd.edu/user/a/acotaj/wip-model-evolution/scripts/tmp/bhadresh-savani+distilbert-base-uncased-emotion/.git/lfs/incomplete/d925341280e22bf3041ac1cd44bc7e00b7ca267add097a8ffe14238b9e0678262287381409: disk quota exceeded

Errors logged to '/afs/crc.nd.edu/user/a/acotaj/wip-model-evolution/scripts/tmp/bhadresh-savani+distilbert-base-uncased-emotion/.git/lfs/logs/20241023T122851.971478016.log'.
Use `git lfs logs last` to view the log.
error: external filter 'git-lfs filter-process' failed
fatal: flax_model.msgpack: smudge filter lfs failed
warning: Clone succeeded, but checkout failed.
You can inspect what was checked out with 'git status'
and retry with 'git restore --source=HEAD :/'

'"
bertin-project/bertin-roberta-base-spanish,dd3e8238536f308c01aaf5b0048529aaa2317704,"Cmd('git') failed due to: exit code(128)
  cmdline: git clone -v -- git@hf.co:bertin-project/bertin-roberta-base-spanish tmp/bertin-project+bertin-roberta-base-spanish
  stderr: 'Cloning into 'tmp/bertin-project+bertin-roberta-base-spanish'...
Downloading flax_model.msgpack (499 MB)
Error downloading object: flax_model.msgpack (cd0b03d): Smudge error: Error downloading flax_model.msgpack (cd0b03d96beadabf4221aba83cde8b6239dcbb20cfdcb4062506465f50deeed3): can't close temporary file ""/afs/crc.nd.edu/user/a/acotaj/wip-model-evolution/scripts/tmp/bertin-project+bertin-roberta-base-spanish/.git/lfs/incomplete/cd0b03d96beadabf4221aba83cde8b6239dcbb20cfdcb4062506465f50deeed33682859603"": close /afs/crc.nd.edu/user/a/acotaj/wip-model-evolution/scripts/tmp/bertin-project+bertin-roberta-base-spanish/.git/lfs/incomplete/cd0b03d96beadabf4221aba83cde8b6239dcbb20cfdcb4062506465f50deeed33682859603: disk quota exceeded

Errors logged to '/afs/crc.nd.edu/user/a/acotaj/wip-model-evolution/scripts/tmp/bertin-project+bertin-roberta-base-spanish/.git/lfs/logs/20241023T122905.246176024.log'.
Use `git lfs logs last` to view the log.
error: external filter 'git-lfs filter-process' failed
fatal: flax_model.msgpack: smudge filter lfs failed
warning: Clone succeeded, but checkout failed.
You can inspect what was checked out with 'git status'
and retry with 'git restore --source=HEAD :/'

'"
bertin-project/bertin-roberta-base-spanish,376bcea90008a3f09edd96bd6c21b3a383596ee6,"Cmd('git') failed due to: exit code(128)
  cmdline: git clone -v -- git@hf.co:bertin-project/bertin-roberta-base-spanish tmp/bertin-project+bertin-roberta-base-spanish
  stderr: 'Cloning into 'tmp/bertin-project+bertin-roberta-base-spanish'...
Downloading flax_model.msgpack (499 MB)
Error downloading object: flax_model.msgpack (cd0b03d): Smudge error: Error downloading flax_model.msgpack (cd0b03d96beadabf4221aba83cde8b6239dcbb20cfdcb4062506465f50deeed3): can't close temporary file ""/afs/crc.nd.edu/user/a/acotaj/wip-model-evolution/scripts/tmp/bertin-project+bertin-roberta-base-spanish/.git/lfs/incomplete/cd0b03d96beadabf4221aba83cde8b6239dcbb20cfdcb4062506465f50deeed3618799620"": close /afs/crc.nd.edu/user/a/acotaj/wip-model-evolution/scripts/tmp/bertin-project+bertin-roberta-base-spanish/.git/lfs/incomplete/cd0b03d96beadabf4221aba83cde8b6239dcbb20cfdcb4062506465f50deeed3618799620: disk quota exceeded

Errors logged to '/afs/crc.nd.edu/user/a/acotaj/wip-model-evolution/scripts/tmp/bertin-project+bertin-roberta-base-spanish/.git/lfs/logs/20241023T122915.674444913.log'.
Use `git lfs logs last` to view the log.
error: external filter 'git-lfs filter-process' failed
fatal: flax_model.msgpack: smudge filter lfs failed
warning: Clone succeeded, but checkout failed.
You can inspect what was checked out with 'git status'
and retry with 'git restore --source=HEAD :/'

'"
bertin-project/bertin-roberta-base-spanish,29fc4ccc63d23465fe5b21f9091efff23b91ec1a,"Cmd('git') failed due to: exit code(128)
  cmdline: git clone -v -- git@hf.co:bertin-project/bertin-roberta-base-spanish tmp/bertin-project+bertin-roberta-base-spanish
  stderr: 'Cloning into 'tmp/bertin-project+bertin-roberta-base-spanish'...
Downloading flax_model.msgpack (499 MB)
Error downloading object: flax_model.msgpack (cd0b03d): Smudge error: Error downloading flax_model.msgpack (cd0b03d96beadabf4221aba83cde8b6239dcbb20cfdcb4062506465f50deeed3): can't close temporary file ""/afs/crc.nd.edu/user/a/acotaj/wip-model-evolution/scripts/tmp/bertin-project+bertin-roberta-base-spanish/.git/lfs/incomplete/cd0b03d96beadabf4221aba83cde8b6239dcbb20cfdcb4062506465f50deeed31642799548"": close /afs/crc.nd.edu/user/a/acotaj/wip-model-evolution/scripts/tmp/bertin-project+bertin-roberta-base-spanish/.git/lfs/incomplete/cd0b03d96beadabf4221aba83cde8b6239dcbb20cfdcb4062506465f50deeed31642799548: disk quota exceeded

Errors logged to '/afs/crc.nd.edu/user/a/acotaj/wip-model-evolution/scripts/tmp/bertin-project+bertin-roberta-base-spanish/.git/lfs/logs/20241023T122926.24867225.log'.
Use `git lfs logs last` to view the log.
error: external filter 'git-lfs filter-process' failed
fatal: flax_model.msgpack: smudge filter lfs failed
warning: Clone succeeded, but checkout failed.
You can inspect what was checked out with 'git status'
and retry with 'git restore --source=HEAD :/'

'"
bertin-project/bertin-roberta-base-spanish,424d62c27d0b2dfb79cce90d26e23458cc9f9d3c,"Cmd('git') failed due to: exit code(128)
  cmdline: git clone -v -- git@hf.co:bertin-project/bertin-roberta-base-spanish tmp/bertin-project+bertin-roberta-base-spanish
  stderr: 'Cloning into 'tmp/bertin-project+bertin-roberta-base-spanish'...
Downloading flax_model.msgpack (499 MB)
Error downloading object: flax_model.msgpack (cd0b03d): Smudge error: Error downloading flax_model.msgpack (cd0b03d96beadabf4221aba83cde8b6239dcbb20cfdcb4062506465f50deeed3): can't close temporary file ""/afs/crc.nd.edu/user/a/acotaj/wip-model-evolution/scripts/tmp/bertin-project+bertin-roberta-base-spanish/.git/lfs/incomplete/cd0b03d96beadabf4221aba83cde8b6239dcbb20cfdcb4062506465f50deeed32763793183"": close /afs/crc.nd.edu/user/a/acotaj/wip-model-evolution/scripts/tmp/bertin-project+bertin-roberta-base-spanish/.git/lfs/incomplete/cd0b03d96beadabf4221aba83cde8b6239dcbb20cfdcb4062506465f50deeed32763793183: disk quota exceeded

Errors logged to '/afs/crc.nd.edu/user/a/acotaj/wip-model-evolution/scripts/tmp/bertin-project+bertin-roberta-base-spanish/.git/lfs/logs/20241023T122939.592940595.log'.
Use `git lfs logs last` to view the log.
error: external filter 'git-lfs filter-process' failed
fatal: flax_model.msgpack: smudge filter lfs failed
warning: Clone succeeded, but checkout failed.
You can inspect what was checked out with 'git status'
and retry with 'git restore --source=HEAD :/'

'"
bertin-project/bertin-roberta-base-spanish,b96e02d83b61940da6df7a300ce6f303371b614a,"Cmd('git') failed due to: exit code(128)
  cmdline: git clone -v -- git@hf.co:bertin-project/bertin-roberta-base-spanish tmp/bertin-project+bertin-roberta-base-spanish
  stderr: 'Cloning into 'tmp/bertin-project+bertin-roberta-base-spanish'...
Downloading flax_model.msgpack (499 MB)
Error downloading object: flax_model.msgpack (cd0b03d): Smudge error: Error downloading flax_model.msgpack (cd0b03d96beadabf4221aba83cde8b6239dcbb20cfdcb4062506465f50deeed3): can't close temporary file ""/afs/crc.nd.edu/user/a/acotaj/wip-model-evolution/scripts/tmp/bertin-project+bertin-roberta-base-spanish/.git/lfs/incomplete/cd0b03d96beadabf4221aba83cde8b6239dcbb20cfdcb4062506465f50deeed3877433844"": close /afs/crc.nd.edu/user/a/acotaj/wip-model-evolution/scripts/tmp/bertin-project+bertin-roberta-base-spanish/.git/lfs/incomplete/cd0b03d96beadabf4221aba83cde8b6239dcbb20cfdcb4062506465f50deeed3877433844: disk quota exceeded

Errors logged to '/afs/crc.nd.edu/user/a/acotaj/wip-model-evolution/scripts/tmp/bertin-project+bertin-roberta-base-spanish/.git/lfs/logs/20241023T122950.053901207.log'.
Use `git lfs logs last` to view the log.
error: external filter 'git-lfs filter-process' failed
fatal: flax_model.msgpack: smudge filter lfs failed
warning: Clone succeeded, but checkout failed.
You can inspect what was checked out with 'git status'
and retry with 'git restore --source=HEAD :/'

'"
bertin-project/bertin-roberta-base-spanish,46019e977cd1e3cdc5347c22a8bcfce2fffdb8a5,"Cmd('git') failed due to: exit code(128)
  cmdline: git clone -v -- git@hf.co:bertin-project/bertin-roberta-base-spanish tmp/bertin-project+bertin-roberta-base-spanish
  stderr: 'Cloning into 'tmp/bertin-project+bertin-roberta-base-spanish'...
Downloading flax_model.msgpack (499 MB)
Error downloading object: flax_model.msgpack (cd0b03d): Smudge error: Error downloading flax_model.msgpack (cd0b03d96beadabf4221aba83cde8b6239dcbb20cfdcb4062506465f50deeed3): can't close temporary file ""/afs/crc.nd.edu/user/a/acotaj/wip-model-evolution/scripts/tmp/bertin-project+bertin-roberta-base-spanish/.git/lfs/incomplete/cd0b03d96beadabf4221aba83cde8b6239dcbb20cfdcb4062506465f50deeed31502386556"": close /afs/crc.nd.edu/user/a/acotaj/wip-model-evolution/scripts/tmp/bertin-project+bertin-roberta-base-spanish/.git/lfs/incomplete/cd0b03d96beadabf4221aba83cde8b6239dcbb20cfdcb4062506465f50deeed31502386556: disk quota exceeded

Errors logged to '/afs/crc.nd.edu/user/a/acotaj/wip-model-evolution/scripts/tmp/bertin-project+bertin-roberta-base-spanish/.git/lfs/logs/20241023T123001.88883687.log'.
Use `git lfs logs last` to view the log.
error: external filter 'git-lfs filter-process' failed
fatal: flax_model.msgpack: smudge filter lfs failed
warning: Clone succeeded, but checkout failed.
You can inspect what was checked out with 'git status'
and retry with 'git restore --source=HEAD :/'

'"
bertin-project/bertin-roberta-base-spanish,7ec1ea9a31ecbddd07145473d8303d2ff9fec189,"Cmd('git') failed due to: exit code(128)
  cmdline: git clone -v -- git@hf.co:bertin-project/bertin-roberta-base-spanish tmp/bertin-project+bertin-roberta-base-spanish
  stderr: 'Cloning into 'tmp/bertin-project+bertin-roberta-base-spanish'...
Downloading flax_model.msgpack (499 MB)
Error downloading object: flax_model.msgpack (cd0b03d): Smudge error: Error downloading flax_model.msgpack (cd0b03d96beadabf4221aba83cde8b6239dcbb20cfdcb4062506465f50deeed3): can't close temporary file ""/afs/crc.nd.edu/user/a/acotaj/wip-model-evolution/scripts/tmp/bertin-project+bertin-roberta-base-spanish/.git/lfs/incomplete/cd0b03d96beadabf4221aba83cde8b6239dcbb20cfdcb4062506465f50deeed33240312452"": close /afs/crc.nd.edu/user/a/acotaj/wip-model-evolution/scripts/tmp/bertin-project+bertin-roberta-base-spanish/.git/lfs/incomplete/cd0b03d96beadabf4221aba83cde8b6239dcbb20cfdcb4062506465f50deeed33240312452: disk quota exceeded

Errors logged to '/afs/crc.nd.edu/user/a/acotaj/wip-model-evolution/scripts/tmp/bertin-project+bertin-roberta-base-spanish/.git/lfs/logs/20241023T123012.273175405.log'.
Use `git lfs logs last` to view the log.
error: external filter 'git-lfs filter-process' failed
fatal: flax_model.msgpack: smudge filter lfs failed
warning: Clone succeeded, but checkout failed.
You can inspect what was checked out with 'git status'
and retry with 'git restore --source=HEAD :/'

'"
bertin-project/bertin-roberta-base-spanish,4cad39cf62a45ce68ce32ea07817b9968bc8e027,"Cmd('git') failed due to: exit code(128)
  cmdline: git clone -v -- git@hf.co:bertin-project/bertin-roberta-base-spanish tmp/bertin-project+bertin-roberta-base-spanish
  stderr: 'Cloning into 'tmp/bertin-project+bertin-roberta-base-spanish'...
Downloading flax_model.msgpack (499 MB)
Error downloading object: flax_model.msgpack (cd0b03d): Smudge error: Error downloading flax_model.msgpack (cd0b03d96beadabf4221aba83cde8b6239dcbb20cfdcb4062506465f50deeed3): can't close temporary file ""/afs/crc.nd.edu/user/a/acotaj/wip-model-evolution/scripts/tmp/bertin-project+bertin-roberta-base-spanish/.git/lfs/incomplete/cd0b03d96beadabf4221aba83cde8b6239dcbb20cfdcb4062506465f50deeed33626974936"": close /afs/crc.nd.edu/user/a/acotaj/wip-model-evolution/scripts/tmp/bertin-project+bertin-roberta-base-spanish/.git/lfs/incomplete/cd0b03d96beadabf4221aba83cde8b6239dcbb20cfdcb4062506465f50deeed33626974936: disk quota exceeded

Errors logged to '/afs/crc.nd.edu/user/a/acotaj/wip-model-evolution/scripts/tmp/bertin-project+bertin-roberta-base-spanish/.git/lfs/logs/20241023T123022.219242403.log'.
Use `git lfs logs last` to view the log.
error: external filter 'git-lfs filter-process' failed
fatal: flax_model.msgpack: smudge filter lfs failed
warning: Clone succeeded, but checkout failed.
You can inspect what was checked out with 'git status'
and retry with 'git restore --source=HEAD :/'

'"
bertin-project/bertin-roberta-base-spanish,73f6af597700170c72efb0ccb91daaa4b0ba1c05,"Cmd('git') failed due to: exit code(128)
  cmdline: git clone -v -- git@hf.co:bertin-project/bertin-roberta-base-spanish tmp/bertin-project+bertin-roberta-base-spanish
  stderr: 'Cloning into 'tmp/bertin-project+bertin-roberta-base-spanish'...
Downloading flax_model.msgpack (499 MB)
Error downloading object: flax_model.msgpack (cd0b03d): Smudge error: Error downloading flax_model.msgpack (cd0b03d96beadabf4221aba83cde8b6239dcbb20cfdcb4062506465f50deeed3): can't close temporary file ""/afs/crc.nd.edu/user/a/acotaj/wip-model-evolution/scripts/tmp/bertin-project+bertin-roberta-base-spanish/.git/lfs/incomplete/cd0b03d96beadabf4221aba83cde8b6239dcbb20cfdcb4062506465f50deeed32547080546"": close /afs/crc.nd.edu/user/a/acotaj/wip-model-evolution/scripts/tmp/bertin-project+bertin-roberta-base-spanish/.git/lfs/incomplete/cd0b03d96beadabf4221aba83cde8b6239dcbb20cfdcb4062506465f50deeed32547080546: disk quota exceeded

Errors logged to '/afs/crc.nd.edu/user/a/acotaj/wip-model-evolution/scripts/tmp/bertin-project+bertin-roberta-base-spanish/.git/lfs/logs/20241023T123032.949156818.log'.
Use `git lfs logs last` to view the log.
error: external filter 'git-lfs filter-process' failed
fatal: flax_model.msgpack: smudge filter lfs failed
warning: Clone succeeded, but checkout failed.
You can inspect what was checked out with 'git status'
and retry with 'git restore --source=HEAD :/'

'"
bertin-project/bertin-roberta-base-spanish,3950061969af08f908174c1d419e0d28fa8992d2,"Cmd('git') failed due to: exit code(128)
  cmdline: git clone -v -- git@hf.co:bertin-project/bertin-roberta-base-spanish tmp/bertin-project+bertin-roberta-base-spanish
  stderr: 'Cloning into 'tmp/bertin-project+bertin-roberta-base-spanish'...
Downloading flax_model.msgpack (499 MB)
Error downloading object: flax_model.msgpack (cd0b03d): Smudge error: Error downloading flax_model.msgpack (cd0b03d96beadabf4221aba83cde8b6239dcbb20cfdcb4062506465f50deeed3): can't close temporary file ""/afs/crc.nd.edu/user/a/acotaj/wip-model-evolution/scripts/tmp/bertin-project+bertin-roberta-base-spanish/.git/lfs/incomplete/cd0b03d96beadabf4221aba83cde8b6239dcbb20cfdcb4062506465f50deeed32112623308"": close /afs/crc.nd.edu/user/a/acotaj/wip-model-evolution/scripts/tmp/bertin-project+bertin-roberta-base-spanish/.git/lfs/incomplete/cd0b03d96beadabf4221aba83cde8b6239dcbb20cfdcb4062506465f50deeed32112623308: disk quota exceeded

Errors logged to '/afs/crc.nd.edu/user/a/acotaj/wip-model-evolution/scripts/tmp/bertin-project+bertin-roberta-base-spanish/.git/lfs/logs/20241023T123049.772717973.log'.
Use `git lfs logs last` to view the log.
error: external filter 'git-lfs filter-process' failed
fatal: flax_model.msgpack: smudge filter lfs failed
warning: Clone succeeded, but checkout failed.
You can inspect what was checked out with 'git status'
and retry with 'git restore --source=HEAD :/'

'"
bertin-project/bertin-roberta-base-spanish,13757a8bf10bff34e4ba7a29833f9ef1a903da01,"Cmd('git') failed due to: exit code(128)
  cmdline: git clone -v -- git@hf.co:bertin-project/bertin-roberta-base-spanish tmp/bertin-project+bertin-roberta-base-spanish
  stderr: 'Cloning into 'tmp/bertin-project+bertin-roberta-base-spanish'...
Downloading flax_model.msgpack (499 MB)
Error downloading object: flax_model.msgpack (cd0b03d): Smudge error: Error downloading flax_model.msgpack (cd0b03d96beadabf4221aba83cde8b6239dcbb20cfdcb4062506465f50deeed3): can't close temporary file ""/afs/crc.nd.edu/user/a/acotaj/wip-model-evolution/scripts/tmp/bertin-project+bertin-roberta-base-spanish/.git/lfs/incomplete/cd0b03d96beadabf4221aba83cde8b6239dcbb20cfdcb4062506465f50deeed33202839892"": close /afs/crc.nd.edu/user/a/acotaj/wip-model-evolution/scripts/tmp/bertin-project+bertin-roberta-base-spanish/.git/lfs/incomplete/cd0b03d96beadabf4221aba83cde8b6239dcbb20cfdcb4062506465f50deeed33202839892: disk quota exceeded

Errors logged to '/afs/crc.nd.edu/user/a/acotaj/wip-model-evolution/scripts/tmp/bertin-project+bertin-roberta-base-spanish/.git/lfs/logs/20241023T123101.393000715.log'.
Use `git lfs logs last` to view the log.
error: external filter 'git-lfs filter-process' failed
fatal: flax_model.msgpack: smudge filter lfs failed
warning: Clone succeeded, but checkout failed.
You can inspect what was checked out with 'git status'
and retry with 'git restore --source=HEAD :/'

'"
bertin-project/bertin-roberta-base-spanish,f7ba030654a481dbfe0f8d9c8736915ed489b7a5,"Cmd('git') failed due to: exit code(128)
  cmdline: git clone -v -- git@hf.co:bertin-project/bertin-roberta-base-spanish tmp/bertin-project+bertin-roberta-base-spanish
  stderr: 'Cloning into 'tmp/bertin-project+bertin-roberta-base-spanish'...
Downloading flax_model.msgpack (499 MB)
Error downloading object: flax_model.msgpack (cd0b03d): Smudge error: Error downloading flax_model.msgpack (cd0b03d96beadabf4221aba83cde8b6239dcbb20cfdcb4062506465f50deeed3): can't close temporary file ""/afs/crc.nd.edu/user/a/acotaj/wip-model-evolution/scripts/tmp/bertin-project+bertin-roberta-base-spanish/.git/lfs/incomplete/cd0b03d96beadabf4221aba83cde8b6239dcbb20cfdcb4062506465f50deeed31631672445"": close /afs/crc.nd.edu/user/a/acotaj/wip-model-evolution/scripts/tmp/bertin-project+bertin-roberta-base-spanish/.git/lfs/incomplete/cd0b03d96beadabf4221aba83cde8b6239dcbb20cfdcb4062506465f50deeed31631672445: disk quota exceeded

Errors logged to '/afs/crc.nd.edu/user/a/acotaj/wip-model-evolution/scripts/tmp/bertin-project+bertin-roberta-base-spanish/.git/lfs/logs/20241023T123111.052858073.log'.
Use `git lfs logs last` to view the log.
error: external filter 'git-lfs filter-process' failed
fatal: flax_model.msgpack: smudge filter lfs failed
warning: Clone succeeded, but checkout failed.
You can inspect what was checked out with 'git status'
and retry with 'git restore --source=HEAD :/'

'"
bertin-project/bertin-roberta-base-spanish,f965ae321c37f0a1fa2f17cb5af0e68be1e82ad5,"Cmd('git') failed due to: exit code(128)
  cmdline: git clone -v -- git@hf.co:bertin-project/bertin-roberta-base-spanish tmp/bertin-project+bertin-roberta-base-spanish
  stderr: 'Cloning into 'tmp/bertin-project+bertin-roberta-base-spanish'...
Downloading flax_model.msgpack (499 MB)
Error downloading object: flax_model.msgpack (cd0b03d): Smudge error: Error downloading flax_model.msgpack (cd0b03d96beadabf4221aba83cde8b6239dcbb20cfdcb4062506465f50deeed3): can't close temporary file ""/afs/crc.nd.edu/user/a/acotaj/wip-model-evolution/scripts/tmp/bertin-project+bertin-roberta-base-spanish/.git/lfs/incomplete/cd0b03d96beadabf4221aba83cde8b6239dcbb20cfdcb4062506465f50deeed33186362168"": close /afs/crc.nd.edu/user/a/acotaj/wip-model-evolution/scripts/tmp/bertin-project+bertin-roberta-base-spanish/.git/lfs/incomplete/cd0b03d96beadabf4221aba83cde8b6239dcbb20cfdcb4062506465f50deeed33186362168: disk quota exceeded

Errors logged to '/afs/crc.nd.edu/user/a/acotaj/wip-model-evolution/scripts/tmp/bertin-project+bertin-roberta-base-spanish/.git/lfs/logs/20241023T123121.106296513.log'.
Use `git lfs logs last` to view the log.
error: external filter 'git-lfs filter-process' failed
fatal: flax_model.msgpack: smudge filter lfs failed
warning: Clone succeeded, but checkout failed.
You can inspect what was checked out with 'git status'
and retry with 'git restore --source=HEAD :/'

'"
bertin-project/bertin-roberta-base-spanish,d75240ee705018db04f35e6007b74dd2eb819d1c,"Cmd('git') failed due to: exit code(128)
  cmdline: git clone -v -- git@hf.co:bertin-project/bertin-roberta-base-spanish tmp/bertin-project+bertin-roberta-base-spanish
  stderr: 'Cloning into 'tmp/bertin-project+bertin-roberta-base-spanish'...
Downloading flax_model.msgpack (499 MB)
Error downloading object: flax_model.msgpack (cd0b03d): Smudge error: Error downloading flax_model.msgpack (cd0b03d96beadabf4221aba83cde8b6239dcbb20cfdcb4062506465f50deeed3): can't close temporary file ""/afs/crc.nd.edu/user/a/acotaj/wip-model-evolution/scripts/tmp/bertin-project+bertin-roberta-base-spanish/.git/lfs/incomplete/cd0b03d96beadabf4221aba83cde8b6239dcbb20cfdcb4062506465f50deeed31203530258"": close /afs/crc.nd.edu/user/a/acotaj/wip-model-evolution/scripts/tmp/bertin-project+bertin-roberta-base-spanish/.git/lfs/incomplete/cd0b03d96beadabf4221aba83cde8b6239dcbb20cfdcb4062506465f50deeed31203530258: disk quota exceeded

Errors logged to '/afs/crc.nd.edu/user/a/acotaj/wip-model-evolution/scripts/tmp/bertin-project+bertin-roberta-base-spanish/.git/lfs/logs/20241023T123131.545385649.log'.
Use `git lfs logs last` to view the log.
error: external filter 'git-lfs filter-process' failed
fatal: flax_model.msgpack: smudge filter lfs failed
warning: Clone succeeded, but checkout failed.
You can inspect what was checked out with 'git status'
and retry with 'git restore --source=HEAD :/'

'"
bertin-project/bertin-roberta-base-spanish,8b9ba87557e9c7e40c93b891753082a69f3d63b6,"Cmd('git') failed due to: exit code(128)
  cmdline: git clone -v -- git@hf.co:bertin-project/bertin-roberta-base-spanish tmp/bertin-project+bertin-roberta-base-spanish
  stderr: 'Cloning into 'tmp/bertin-project+bertin-roberta-base-spanish'...
Downloading flax_model.msgpack (499 MB)
Error downloading object: flax_model.msgpack (cd0b03d): Smudge error: Error downloading flax_model.msgpack (cd0b03d96beadabf4221aba83cde8b6239dcbb20cfdcb4062506465f50deeed3): can't close temporary file ""/afs/crc.nd.edu/user/a/acotaj/wip-model-evolution/scripts/tmp/bertin-project+bertin-roberta-base-spanish/.git/lfs/incomplete/cd0b03d96beadabf4221aba83cde8b6239dcbb20cfdcb4062506465f50deeed33383214067"": close /afs/crc.nd.edu/user/a/acotaj/wip-model-evolution/scripts/tmp/bertin-project+bertin-roberta-base-spanish/.git/lfs/incomplete/cd0b03d96beadabf4221aba83cde8b6239dcbb20cfdcb4062506465f50deeed33383214067: disk quota exceeded

Errors logged to '/afs/crc.nd.edu/user/a/acotaj/wip-model-evolution/scripts/tmp/bertin-project+bertin-roberta-base-spanish/.git/lfs/logs/20241023T123142.193563103.log'.
Use `git lfs logs last` to view the log.
error: external filter 'git-lfs filter-process' failed
fatal: flax_model.msgpack: smudge filter lfs failed
warning: Clone succeeded, but checkout failed.
You can inspect what was checked out with 'git status'
and retry with 'git restore --source=HEAD :/'

'"
bertin-project/bertin-roberta-base-spanish,840171b89c7d75c9f422d4ddf9b951f6acfbfbfa,"Cmd('git') failed due to: exit code(128)
  cmdline: git clone -v -- git@hf.co:bertin-project/bertin-roberta-base-spanish tmp/bertin-project+bertin-roberta-base-spanish
  stderr: 'Cloning into 'tmp/bertin-project+bertin-roberta-base-spanish'...
Downloading flax_model.msgpack (499 MB)
Error downloading object: flax_model.msgpack (cd0b03d): Smudge error: Error downloading flax_model.msgpack (cd0b03d96beadabf4221aba83cde8b6239dcbb20cfdcb4062506465f50deeed3): can't close temporary file ""/afs/crc.nd.edu/user/a/acotaj/wip-model-evolution/scripts/tmp/bertin-project+bertin-roberta-base-spanish/.git/lfs/incomplete/cd0b03d96beadabf4221aba83cde8b6239dcbb20cfdcb4062506465f50deeed33664979447"": close /afs/crc.nd.edu/user/a/acotaj/wip-model-evolution/scripts/tmp/bertin-project+bertin-roberta-base-spanish/.git/lfs/incomplete/cd0b03d96beadabf4221aba83cde8b6239dcbb20cfdcb4062506465f50deeed33664979447: disk quota exceeded

Errors logged to '/afs/crc.nd.edu/user/a/acotaj/wip-model-evolution/scripts/tmp/bertin-project+bertin-roberta-base-spanish/.git/lfs/logs/20241023T123152.380086588.log'.
Use `git lfs logs last` to view the log.
error: external filter 'git-lfs filter-process' failed
fatal: flax_model.msgpack: smudge filter lfs failed
warning: Clone succeeded, but checkout failed.
You can inspect what was checked out with 'git status'
and retry with 'git restore --source=HEAD :/'

'"
bertin-project/bertin-roberta-base-spanish,fe7ff3593d1cbf5c154d48909a67bc2130bd5807,"Cmd('git') failed due to: exit code(128)
  cmdline: git clone -v -- git@hf.co:bertin-project/bertin-roberta-base-spanish tmp/bertin-project+bertin-roberta-base-spanish
  stderr: 'Cloning into 'tmp/bertin-project+bertin-roberta-base-spanish'...
Downloading flax_model.msgpack (499 MB)
Error downloading object: flax_model.msgpack (cd0b03d): Smudge error: Error downloading flax_model.msgpack (cd0b03d96beadabf4221aba83cde8b6239dcbb20cfdcb4062506465f50deeed3): can't close temporary file ""/afs/crc.nd.edu/user/a/acotaj/wip-model-evolution/scripts/tmp/bertin-project+bertin-roberta-base-spanish/.git/lfs/incomplete/cd0b03d96beadabf4221aba83cde8b6239dcbb20cfdcb4062506465f50deeed32462298619"": close /afs/crc.nd.edu/user/a/acotaj/wip-model-evolution/scripts/tmp/bertin-project+bertin-roberta-base-spanish/.git/lfs/incomplete/cd0b03d96beadabf4221aba83cde8b6239dcbb20cfdcb4062506465f50deeed32462298619: disk quota exceeded

Errors logged to '/afs/crc.nd.edu/user/a/acotaj/wip-model-evolution/scripts/tmp/bertin-project+bertin-roberta-base-spanish/.git/lfs/logs/20241023T123202.813126159.log'.
Use `git lfs logs last` to view the log.
error: external filter 'git-lfs filter-process' failed
fatal: flax_model.msgpack: smudge filter lfs failed
warning: Clone succeeded, but checkout failed.
You can inspect what was checked out with 'git status'
and retry with 'git restore --source=HEAD :/'

'"
beomi/KcELECTRA-base,681201a097b8120e6dd2a2e63a3e13d338736f88,"Cmd('git') failed due to: exit code(128)
  cmdline: git clone -v -- git@hf.co:beomi/KcELECTRA-base tmp/beomi+KcELECTRA-base
  stderr: 'Cloning into 'tmp/beomi+KcELECTRA-base'...
Downloading model.safetensors (436 MB)
Error downloading object: model.safetensors (dc015d9): Smudge error: Error downloading model.safetensors (dc015d95afa81351e096dfadf95771eeafee3ec0a90709e9cb569c11797fd889): can't close temporary file ""/afs/crc.nd.edu/user/a/acotaj/wip-model-evolution/scripts/tmp/beomi+KcELECTRA-base/.git/lfs/incomplete/dc015d95afa81351e096dfadf95771eeafee3ec0a90709e9cb569c11797fd8892090460043"": close /afs/crc.nd.edu/user/a/acotaj/wip-model-evolution/scripts/tmp/beomi+KcELECTRA-base/.git/lfs/incomplete/dc015d95afa81351e096dfadf95771eeafee3ec0a90709e9cb569c11797fd8892090460043: disk quota exceeded

Errors logged to '/afs/crc.nd.edu/user/a/acotaj/wip-model-evolution/scripts/tmp/beomi+KcELECTRA-base/.git/lfs/logs/20241023T123210.896034701.log'.
Use `git lfs logs last` to view the log.
error: external filter 'git-lfs filter-process' failed
fatal: model.safetensors: smudge filter lfs failed
warning: Clone succeeded, but checkout failed.
You can inspect what was checked out with 'git status'
and retry with 'git restore --source=HEAD :/'

'"
beomi/KcELECTRA-base,5deca41d00774a2ad84a253435338a00e2c40ab3,"Cmd('git') failed due to: exit code(128)
  cmdline: git clone -v -- git@hf.co:beomi/KcELECTRA-base tmp/beomi+KcELECTRA-base
  stderr: 'Cloning into 'tmp/beomi+KcELECTRA-base'...
Downloading model.safetensors (436 MB)
Error downloading object: model.safetensors (dc015d9): Smudge error: Error downloading model.safetensors (dc015d95afa81351e096dfadf95771eeafee3ec0a90709e9cb569c11797fd889): can't close temporary file ""/afs/crc.nd.edu/user/a/acotaj/wip-model-evolution/scripts/tmp/beomi+KcELECTRA-base/.git/lfs/incomplete/dc015d95afa81351e096dfadf95771eeafee3ec0a90709e9cb569c11797fd8892674892672"": close /afs/crc.nd.edu/user/a/acotaj/wip-model-evolution/scripts/tmp/beomi+KcELECTRA-base/.git/lfs/incomplete/dc015d95afa81351e096dfadf95771eeafee3ec0a90709e9cb569c11797fd8892674892672: disk quota exceeded

Errors logged to '/afs/crc.nd.edu/user/a/acotaj/wip-model-evolution/scripts/tmp/beomi+KcELECTRA-base/.git/lfs/logs/20241023T123218.43266354.log'.
Use `git lfs logs last` to view the log.
error: external filter 'git-lfs filter-process' failed
fatal: model.safetensors: smudge filter lfs failed
warning: Clone succeeded, but checkout failed.
You can inspect what was checked out with 'git status'
and retry with 'git restore --source=HEAD :/'

'"
beomi/KcELECTRA-base,4cf9eb1dfeec0a672afe73059882fc998a299ceb,"Cmd('git') failed due to: exit code(128)
  cmdline: git clone -v -- git@hf.co:beomi/KcELECTRA-base tmp/beomi+KcELECTRA-base
  stderr: 'Cloning into 'tmp/beomi+KcELECTRA-base'...
Downloading model.safetensors (436 MB)
Error downloading object: model.safetensors (dc015d9): Smudge error: Error downloading model.safetensors (dc015d95afa81351e096dfadf95771eeafee3ec0a90709e9cb569c11797fd889): can't close temporary file ""/afs/crc.nd.edu/user/a/acotaj/wip-model-evolution/scripts/tmp/beomi+KcELECTRA-base/.git/lfs/incomplete/dc015d95afa81351e096dfadf95771eeafee3ec0a90709e9cb569c11797fd889409189703"": close /afs/crc.nd.edu/user/a/acotaj/wip-model-evolution/scripts/tmp/beomi+KcELECTRA-base/.git/lfs/incomplete/dc015d95afa81351e096dfadf95771eeafee3ec0a90709e9cb569c11797fd889409189703: disk quota exceeded

Errors logged to '/afs/crc.nd.edu/user/a/acotaj/wip-model-evolution/scripts/tmp/beomi+KcELECTRA-base/.git/lfs/logs/20241023T123230.323728113.log'.
Use `git lfs logs last` to view the log.
error: external filter 'git-lfs filter-process' failed
fatal: model.safetensors: smudge filter lfs failed
warning: Clone succeeded, but checkout failed.
You can inspect what was checked out with 'git status'
and retry with 'git restore --source=HEAD :/'

'"
beomi/KcELECTRA-base,686333e78646593e324d6ad5e955dfb6dc9f0f5d,"Cmd('git') failed due to: exit code(128)
  cmdline: git clone -v -- git@hf.co:beomi/KcELECTRA-base tmp/beomi+KcELECTRA-base
  stderr: 'Cloning into 'tmp/beomi+KcELECTRA-base'...
Downloading model.safetensors (436 MB)
Error downloading object: model.safetensors (dc015d9): Smudge error: Error downloading model.safetensors (dc015d95afa81351e096dfadf95771eeafee3ec0a90709e9cb569c11797fd889): can't close temporary file ""/afs/crc.nd.edu/user/a/acotaj/wip-model-evolution/scripts/tmp/beomi+KcELECTRA-base/.git/lfs/incomplete/dc015d95afa81351e096dfadf95771eeafee3ec0a90709e9cb569c11797fd8892005069047"": close /afs/crc.nd.edu/user/a/acotaj/wip-model-evolution/scripts/tmp/beomi+KcELECTRA-base/.git/lfs/incomplete/dc015d95afa81351e096dfadf95771eeafee3ec0a90709e9cb569c11797fd8892005069047: disk quota exceeded

Errors logged to '/afs/crc.nd.edu/user/a/acotaj/wip-model-evolution/scripts/tmp/beomi+KcELECTRA-base/.git/lfs/logs/20241023T123237.652621727.log'.
Use `git lfs logs last` to view the log.
error: external filter 'git-lfs filter-process' failed
fatal: model.safetensors: smudge filter lfs failed
warning: Clone succeeded, but checkout failed.
You can inspect what was checked out with 'git status'
and retry with 'git restore --source=HEAD :/'

'"
beomi/KcELECTRA-base,a6f029f808b2e93197f397eebd4dbfe327337fd8,"Cmd('git') failed due to: exit code(128)
  cmdline: git clone -v -- git@hf.co:beomi/KcELECTRA-base tmp/beomi+KcELECTRA-base
  stderr: 'Cloning into 'tmp/beomi+KcELECTRA-base'...
Downloading model.safetensors (436 MB)
Error downloading object: model.safetensors (dc015d9): Smudge error: Error downloading model.safetensors (dc015d95afa81351e096dfadf95771eeafee3ec0a90709e9cb569c11797fd889): can't close temporary file ""/afs/crc.nd.edu/user/a/acotaj/wip-model-evolution/scripts/tmp/beomi+KcELECTRA-base/.git/lfs/incomplete/dc015d95afa81351e096dfadf95771eeafee3ec0a90709e9cb569c11797fd889245426974"": close /afs/crc.nd.edu/user/a/acotaj/wip-model-evolution/scripts/tmp/beomi+KcELECTRA-base/.git/lfs/incomplete/dc015d95afa81351e096dfadf95771eeafee3ec0a90709e9cb569c11797fd889245426974: disk quota exceeded

Errors logged to '/afs/crc.nd.edu/user/a/acotaj/wip-model-evolution/scripts/tmp/beomi+KcELECTRA-base/.git/lfs/logs/20241023T123247.406212104.log'.
Use `git lfs logs last` to view the log.
error: external filter 'git-lfs filter-process' failed
fatal: model.safetensors: smudge filter lfs failed
warning: Clone succeeded, but checkout failed.
You can inspect what was checked out with 'git status'
and retry with 'git restore --source=HEAD :/'

'"
ayameRushia/indobert-base-uncased-finetuned-indonlu-smsa,1d7cecfc07f0fbb7f9912ae194d55aaca06637eb,"Cmd('git') failed due to: exit code(128)
  cmdline: git clone -v -- git@hf.co:ayameRushia/indobert-base-uncased-finetuned-indonlu-smsa tmp/ayameRushia+indobert-base-uncased-finetuned-indonlu-smsa
  stderr: 'Cloning into 'tmp/ayameRushia+indobert-base-uncased-finetuned-indonlu-smsa'...
Downloading model.safetensors (442 MB)
Error downloading object: model.safetensors (ba02238): Smudge error: Error downloading model.safetensors (ba0223838cc97d7a32b7c40d853219d7d519f1d0b63d55709f3e00541c2e4479): can't close temporary file ""/afs/crc.nd.edu/user/a/acotaj/wip-model-evolution/scripts/tmp/ayameRushia+indobert-base-uncased-finetuned-indonlu-smsa/.git/lfs/incomplete/ba0223838cc97d7a32b7c40d853219d7d519f1d0b63d55709f3e00541c2e4479860553984"": close /afs/crc.nd.edu/user/a/acotaj/wip-model-evolution/scripts/tmp/ayameRushia+indobert-base-uncased-finetuned-indonlu-smsa/.git/lfs/incomplete/ba0223838cc97d7a32b7c40d853219d7d519f1d0b63d55709f3e00541c2e4479860553984: disk quota exceeded

Errors logged to '/afs/crc.nd.edu/user/a/acotaj/wip-model-evolution/scripts/tmp/ayameRushia+indobert-base-uncased-finetuned-indonlu-smsa/.git/lfs/logs/20241023T123259.405550633.log'.
Use `git lfs logs last` to view the log.
error: external filter 'git-lfs filter-process' failed
fatal: model.safetensors: smudge filter lfs failed
warning: Clone succeeded, but checkout failed.
You can inspect what was checked out with 'git status'
and retry with 'git restore --source=HEAD :/'

'"
ayameRushia/indobert-base-uncased-finetuned-indonlu-smsa,3df3f7d98a3cee28cbfd9d7fc49b92646cf5a85e,"Cmd('git') failed due to: exit code(128)
  cmdline: git clone -v -- git@hf.co:ayameRushia/indobert-base-uncased-finetuned-indonlu-smsa tmp/ayameRushia+indobert-base-uncased-finetuned-indonlu-smsa
  stderr: 'Cloning into 'tmp/ayameRushia+indobert-base-uncased-finetuned-indonlu-smsa'...
Downloading model.safetensors (442 MB)
Error downloading object: model.safetensors (ba02238): Smudge error: Error downloading model.safetensors (ba0223838cc97d7a32b7c40d853219d7d519f1d0b63d55709f3e00541c2e4479): can't close temporary file ""/afs/crc.nd.edu/user/a/acotaj/wip-model-evolution/scripts/tmp/ayameRushia+indobert-base-uncased-finetuned-indonlu-smsa/.git/lfs/incomplete/ba0223838cc97d7a32b7c40d853219d7d519f1d0b63d55709f3e00541c2e44791448283884"": close /afs/crc.nd.edu/user/a/acotaj/wip-model-evolution/scripts/tmp/ayameRushia+indobert-base-uncased-finetuned-indonlu-smsa/.git/lfs/incomplete/ba0223838cc97d7a32b7c40d853219d7d519f1d0b63d55709f3e00541c2e44791448283884: disk quota exceeded

Errors logged to '/afs/crc.nd.edu/user/a/acotaj/wip-model-evolution/scripts/tmp/ayameRushia+indobert-base-uncased-finetuned-indonlu-smsa/.git/lfs/logs/20241023T123307.147559519.log'.
Use `git lfs logs last` to view the log.
error: external filter 'git-lfs filter-process' failed
fatal: model.safetensors: smudge filter lfs failed
warning: Clone succeeded, but checkout failed.
You can inspect what was checked out with 'git status'
and retry with 'git restore --source=HEAD :/'

'"
ayameRushia/indobert-base-uncased-finetuned-indonlu-smsa,195fffd0122001b446d593ae091274416d6bbd83,"Cmd('git') failed due to: exit code(128)
  cmdline: git clone -v -- git@hf.co:ayameRushia/indobert-base-uncased-finetuned-indonlu-smsa tmp/ayameRushia+indobert-base-uncased-finetuned-indonlu-smsa
  stderr: 'Cloning into 'tmp/ayameRushia+indobert-base-uncased-finetuned-indonlu-smsa'...
Downloading model.safetensors (442 MB)
Error downloading object: model.safetensors (ba02238): Smudge error: Error downloading model.safetensors (ba0223838cc97d7a32b7c40d853219d7d519f1d0b63d55709f3e00541c2e4479): can't close temporary file ""/afs/crc.nd.edu/user/a/acotaj/wip-model-evolution/scripts/tmp/ayameRushia+indobert-base-uncased-finetuned-indonlu-smsa/.git/lfs/incomplete/ba0223838cc97d7a32b7c40d853219d7d519f1d0b63d55709f3e00541c2e44792673541635"": close /afs/crc.nd.edu/user/a/acotaj/wip-model-evolution/scripts/tmp/ayameRushia+indobert-base-uncased-finetuned-indonlu-smsa/.git/lfs/incomplete/ba0223838cc97d7a32b7c40d853219d7d519f1d0b63d55709f3e00541c2e44792673541635: disk quota exceeded

Errors logged to '/afs/crc.nd.edu/user/a/acotaj/wip-model-evolution/scripts/tmp/ayameRushia+indobert-base-uncased-finetuned-indonlu-smsa/.git/lfs/logs/20241023T123315.936627825.log'.
Use `git lfs logs last` to view the log.
error: external filter 'git-lfs filter-process' failed
fatal: model.safetensors: smudge filter lfs failed
warning: Clone succeeded, but checkout failed.
You can inspect what was checked out with 'git status'
and retry with 'git restore --source=HEAD :/'

'"
ayameRushia/indobert-base-uncased-finetuned-indonlu-smsa,6a538837b12b14838a580a626d5fdf003147d03e,"Cmd('git') failed due to: exit code(128)
  cmdline: git clone -v -- git@hf.co:ayameRushia/indobert-base-uncased-finetuned-indonlu-smsa tmp/ayameRushia+indobert-base-uncased-finetuned-indonlu-smsa
  stderr: 'Cloning into 'tmp/ayameRushia+indobert-base-uncased-finetuned-indonlu-smsa'...
Downloading model.safetensors (442 MB)
Error downloading object: model.safetensors (ba02238): Smudge error: Error downloading model.safetensors (ba0223838cc97d7a32b7c40d853219d7d519f1d0b63d55709f3e00541c2e4479): can't close temporary file ""/afs/crc.nd.edu/user/a/acotaj/wip-model-evolution/scripts/tmp/ayameRushia+indobert-base-uncased-finetuned-indonlu-smsa/.git/lfs/incomplete/ba0223838cc97d7a32b7c40d853219d7d519f1d0b63d55709f3e00541c2e44793462124283"": close /afs/crc.nd.edu/user/a/acotaj/wip-model-evolution/scripts/tmp/ayameRushia+indobert-base-uncased-finetuned-indonlu-smsa/.git/lfs/incomplete/ba0223838cc97d7a32b7c40d853219d7d519f1d0b63d55709f3e00541c2e44793462124283: disk quota exceeded

Errors logged to '/afs/crc.nd.edu/user/a/acotaj/wip-model-evolution/scripts/tmp/ayameRushia+indobert-base-uncased-finetuned-indonlu-smsa/.git/lfs/logs/20241023T123322.987300241.log'.
Use `git lfs logs last` to view the log.
error: external filter 'git-lfs filter-process' failed
fatal: model.safetensors: smudge filter lfs failed
warning: Clone succeeded, but checkout failed.
You can inspect what was checked out with 'git status'
and retry with 'git restore --source=HEAD :/'

'"
ayameRushia/indobert-base-uncased-finetuned-indonlu-smsa,71b2deed3e3558f4bbf05bdade73ca109cc5af32,"Cmd('git') failed due to: exit code(128)
  cmdline: git clone -v -- git@hf.co:ayameRushia/indobert-base-uncased-finetuned-indonlu-smsa tmp/ayameRushia+indobert-base-uncased-finetuned-indonlu-smsa
  stderr: 'Cloning into 'tmp/ayameRushia+indobert-base-uncased-finetuned-indonlu-smsa'...
Filtering content:  66% (2/3)
Downloading model.safetensors (442 MB)
Error downloading object: model.safetensors (ba02238): Smudge error: Error downloading model.safetensors (ba0223838cc97d7a32b7c40d853219d7d519f1d0b63d55709f3e00541c2e4479): can't close temporary file ""/afs/crc.nd.edu/user/a/acotaj/wip-model-evolution/scripts/tmp/ayameRushia+indobert-base-uncased-finetuned-indonlu-smsa/.git/lfs/incomplete/ba0223838cc97d7a32b7c40d853219d7d519f1d0b63d55709f3e00541c2e44792700828025"": close /afs/crc.nd.edu/user/a/acotaj/wip-model-evolution/scripts/tmp/ayameRushia+indobert-base-uncased-finetuned-indonlu-smsa/.git/lfs/incomplete/ba0223838cc97d7a32b7c40d853219d7d519f1d0b63d55709f3e00541c2e44792700828025: disk quota exceeded

Errors logged to '/afs/crc.nd.edu/user/a/acotaj/wip-model-evolution/scripts/tmp/ayameRushia+indobert-base-uncased-finetuned-indonlu-smsa/.git/lfs/logs/20241023T123331.81852357.log'.
Use `git lfs logs last` to view the log.
error: external filter 'git-lfs filter-process' failed
fatal: model.safetensors: smudge filter lfs failed
warning: Clone succeeded, but checkout failed.
You can inspect what was checked out with 'git status'
and retry with 'git restore --source=HEAD :/'

'"
ayameRushia/indobert-base-uncased-finetuned-indonlu-smsa,43c125d7f7e09725e8919959ece59b75d9dc6dd0,"Cmd('git') failed due to: exit code(128)
  cmdline: git clone -v -- git@hf.co:ayameRushia/indobert-base-uncased-finetuned-indonlu-smsa tmp/ayameRushia+indobert-base-uncased-finetuned-indonlu-smsa
  stderr: 'Cloning into 'tmp/ayameRushia+indobert-base-uncased-finetuned-indonlu-smsa'...
Downloading model.safetensors (442 MB)
Error downloading object: model.safetensors (ba02238): Smudge error: Error downloading model.safetensors (ba0223838cc97d7a32b7c40d853219d7d519f1d0b63d55709f3e00541c2e4479): can't close temporary file ""/afs/crc.nd.edu/user/a/acotaj/wip-model-evolution/scripts/tmp/ayameRushia+indobert-base-uncased-finetuned-indonlu-smsa/.git/lfs/incomplete/ba0223838cc97d7a32b7c40d853219d7d519f1d0b63d55709f3e00541c2e44792490867668"": close /afs/crc.nd.edu/user/a/acotaj/wip-model-evolution/scripts/tmp/ayameRushia+indobert-base-uncased-finetuned-indonlu-smsa/.git/lfs/incomplete/ba0223838cc97d7a32b7c40d853219d7d519f1d0b63d55709f3e00541c2e44792490867668: disk quota exceeded

Errors logged to '/afs/crc.nd.edu/user/a/acotaj/wip-model-evolution/scripts/tmp/ayameRushia+indobert-base-uncased-finetuned-indonlu-smsa/.git/lfs/logs/20241023T123339.986239127.log'.
Use `git lfs logs last` to view the log.
error: external filter 'git-lfs filter-process' failed
fatal: model.safetensors: smudge filter lfs failed
warning: Clone succeeded, but checkout failed.
You can inspect what was checked out with 'git status'
and retry with 'git restore --source=HEAD :/'

'"
ayameRushia/indobert-base-uncased-finetuned-indonlu-smsa,7d7088cf85cb1e1db6b6865f273a9846ff657428,"Cmd('git') failed due to: exit code(128)
  cmdline: git clone -v -- git@hf.co:ayameRushia/indobert-base-uncased-finetuned-indonlu-smsa tmp/ayameRushia+indobert-base-uncased-finetuned-indonlu-smsa
  stderr: 'Cloning into 'tmp/ayameRushia+indobert-base-uncased-finetuned-indonlu-smsa'...
Downloading model.safetensors (442 MB)
Error downloading object: model.safetensors (ba02238): Smudge error: Error downloading model.safetensors (ba0223838cc97d7a32b7c40d853219d7d519f1d0b63d55709f3e00541c2e4479): can't close temporary file ""/afs/crc.nd.edu/user/a/acotaj/wip-model-evolution/scripts/tmp/ayameRushia+indobert-base-uncased-finetuned-indonlu-smsa/.git/lfs/incomplete/ba0223838cc97d7a32b7c40d853219d7d519f1d0b63d55709f3e00541c2e44791605873541"": close /afs/crc.nd.edu/user/a/acotaj/wip-model-evolution/scripts/tmp/ayameRushia+indobert-base-uncased-finetuned-indonlu-smsa/.git/lfs/incomplete/ba0223838cc97d7a32b7c40d853219d7d519f1d0b63d55709f3e00541c2e44791605873541: disk quota exceeded

Errors logged to '/afs/crc.nd.edu/user/a/acotaj/wip-model-evolution/scripts/tmp/ayameRushia+indobert-base-uncased-finetuned-indonlu-smsa/.git/lfs/logs/20241023T123347.299469625.log'.
Use `git lfs logs last` to view the log.
error: external filter 'git-lfs filter-process' failed
fatal: model.safetensors: smudge filter lfs failed
warning: Clone succeeded, but checkout failed.
You can inspect what was checked out with 'git status'
and retry with 'git restore --source=HEAD :/'

'"
ayameRushia/indobert-base-uncased-finetuned-indonlu-smsa,6856f7596aa27fd0c5dbdc43d6a7a98a775e56db,"Cmd('git') failed due to: exit code(128)
  cmdline: git clone -v -- git@hf.co:ayameRushia/indobert-base-uncased-finetuned-indonlu-smsa tmp/ayameRushia+indobert-base-uncased-finetuned-indonlu-smsa
  stderr: 'Cloning into 'tmp/ayameRushia+indobert-base-uncased-finetuned-indonlu-smsa'...
Downloading model.safetensors (442 MB)
Error downloading object: model.safetensors (ba02238): Smudge error: Error downloading model.safetensors (ba0223838cc97d7a32b7c40d853219d7d519f1d0b63d55709f3e00541c2e4479): can't close temporary file ""/afs/crc.nd.edu/user/a/acotaj/wip-model-evolution/scripts/tmp/ayameRushia+indobert-base-uncased-finetuned-indonlu-smsa/.git/lfs/incomplete/ba0223838cc97d7a32b7c40d853219d7d519f1d0b63d55709f3e00541c2e44791812088786"": close /afs/crc.nd.edu/user/a/acotaj/wip-model-evolution/scripts/tmp/ayameRushia+indobert-base-uncased-finetuned-indonlu-smsa/.git/lfs/incomplete/ba0223838cc97d7a32b7c40d853219d7d519f1d0b63d55709f3e00541c2e44791812088786: disk quota exceeded

Errors logged to '/afs/crc.nd.edu/user/a/acotaj/wip-model-evolution/scripts/tmp/ayameRushia+indobert-base-uncased-finetuned-indonlu-smsa/.git/lfs/logs/20241023T123355.789899908.log'.
Use `git lfs logs last` to view the log.
error: external filter 'git-lfs filter-process' failed
fatal: model.safetensors: smudge filter lfs failed
warning: Clone succeeded, but checkout failed.
You can inspect what was checked out with 'git status'
and retry with 'git restore --source=HEAD :/'

'"
ayameRushia/indobert-base-uncased-finetuned-indonlu-smsa,3e2b636a2ca52f22c3b26ef7034c5216f034743b,"Cmd('git') failed due to: exit code(128)
  cmdline: git clone -v -- git@hf.co:ayameRushia/indobert-base-uncased-finetuned-indonlu-smsa tmp/ayameRushia+indobert-base-uncased-finetuned-indonlu-smsa
  stderr: 'Cloning into 'tmp/ayameRushia+indobert-base-uncased-finetuned-indonlu-smsa'...
Filtering content:  66% (2/3)
Downloading model.safetensors (442 MB)
Error downloading object: model.safetensors (ba02238): Smudge error: Error downloading model.safetensors (ba0223838cc97d7a32b7c40d853219d7d519f1d0b63d55709f3e00541c2e4479): can't close temporary file ""/afs/crc.nd.edu/user/a/acotaj/wip-model-evolution/scripts/tmp/ayameRushia+indobert-base-uncased-finetuned-indonlu-smsa/.git/lfs/incomplete/ba0223838cc97d7a32b7c40d853219d7d519f1d0b63d55709f3e00541c2e44792137505595"": close /afs/crc.nd.edu/user/a/acotaj/wip-model-evolution/scripts/tmp/ayameRushia+indobert-base-uncased-finetuned-indonlu-smsa/.git/lfs/incomplete/ba0223838cc97d7a32b7c40d853219d7d519f1d0b63d55709f3e00541c2e44792137505595: disk quota exceeded

Errors logged to '/afs/crc.nd.edu/user/a/acotaj/wip-model-evolution/scripts/tmp/ayameRushia+indobert-base-uncased-finetuned-indonlu-smsa/.git/lfs/logs/20241023T123405.491329137.log'.
Use `git lfs logs last` to view the log.
error: external filter 'git-lfs filter-process' failed
fatal: model.safetensors: smudge filter lfs failed
warning: Clone succeeded, but checkout failed.
You can inspect what was checked out with 'git status'
and retry with 'git restore --source=HEAD :/'

'"
ayameRushia/indobert-base-uncased-finetuned-indonlu-smsa,97cddff499bc00099bce103de534a26c0af0815d,"Cmd('git') failed due to: exit code(128)
  cmdline: git clone -v -- git@hf.co:ayameRushia/indobert-base-uncased-finetuned-indonlu-smsa tmp/ayameRushia+indobert-base-uncased-finetuned-indonlu-smsa
  stderr: 'Cloning into 'tmp/ayameRushia+indobert-base-uncased-finetuned-indonlu-smsa'...
Downloading model.safetensors (442 MB)
Error downloading object: model.safetensors (ba02238): Smudge error: Error downloading model.safetensors (ba0223838cc97d7a32b7c40d853219d7d519f1d0b63d55709f3e00541c2e4479): can't close temporary file ""/afs/crc.nd.edu/user/a/acotaj/wip-model-evolution/scripts/tmp/ayameRushia+indobert-base-uncased-finetuned-indonlu-smsa/.git/lfs/incomplete/ba0223838cc97d7a32b7c40d853219d7d519f1d0b63d55709f3e00541c2e44791816978724"": close /afs/crc.nd.edu/user/a/acotaj/wip-model-evolution/scripts/tmp/ayameRushia+indobert-base-uncased-finetuned-indonlu-smsa/.git/lfs/incomplete/ba0223838cc97d7a32b7c40d853219d7d519f1d0b63d55709f3e00541c2e44791816978724: disk quota exceeded

Errors logged to '/afs/crc.nd.edu/user/a/acotaj/wip-model-evolution/scripts/tmp/ayameRushia+indobert-base-uncased-finetuned-indonlu-smsa/.git/lfs/logs/20241023T123413.275628256.log'.
Use `git lfs logs last` to view the log.
error: external filter 'git-lfs filter-process' failed
fatal: model.safetensors: smudge filter lfs failed
warning: Clone succeeded, but checkout failed.
You can inspect what was checked out with 'git status'
and retry with 'git restore --source=HEAD :/'

'"
ayameRushia/indobert-base-uncased-finetuned-indonlu-smsa,262811e84521d63a4d8bea2c7980bfc84bb81e44,"Cmd('git') failed due to: exit code(128)
  cmdline: git clone -v -- git@hf.co:ayameRushia/indobert-base-uncased-finetuned-indonlu-smsa tmp/ayameRushia+indobert-base-uncased-finetuned-indonlu-smsa
  stderr: 'Cloning into 'tmp/ayameRushia+indobert-base-uncased-finetuned-indonlu-smsa'...
Downloading model.safetensors (442 MB)
Error downloading object: model.safetensors (ba02238): Smudge error: Error downloading model.safetensors (ba0223838cc97d7a32b7c40d853219d7d519f1d0b63d55709f3e00541c2e4479): can't close temporary file ""/afs/crc.nd.edu/user/a/acotaj/wip-model-evolution/scripts/tmp/ayameRushia+indobert-base-uncased-finetuned-indonlu-smsa/.git/lfs/incomplete/ba0223838cc97d7a32b7c40d853219d7d519f1d0b63d55709f3e00541c2e44792387108015"": close /afs/crc.nd.edu/user/a/acotaj/wip-model-evolution/scripts/tmp/ayameRushia+indobert-base-uncased-finetuned-indonlu-smsa/.git/lfs/incomplete/ba0223838cc97d7a32b7c40d853219d7d519f1d0b63d55709f3e00541c2e44792387108015: disk quota exceeded

Errors logged to '/afs/crc.nd.edu/user/a/acotaj/wip-model-evolution/scripts/tmp/ayameRushia+indobert-base-uncased-finetuned-indonlu-smsa/.git/lfs/logs/20241023T123429.889167666.log'.
Use `git lfs logs last` to view the log.
error: external filter 'git-lfs filter-process' failed
fatal: model.safetensors: smudge filter lfs failed
warning: Clone succeeded, but checkout failed.
You can inspect what was checked out with 'git status'
and retry with 'git restore --source=HEAD :/'

'"
ayameRushia/indobert-base-uncased-finetuned-indonlu-smsa,349d7126bf1e888be6146971ecc7f6079b178cce,"Cmd('git') failed due to: exit code(128)
  cmdline: git clone -v -- git@hf.co:ayameRushia/indobert-base-uncased-finetuned-indonlu-smsa tmp/ayameRushia+indobert-base-uncased-finetuned-indonlu-smsa
  stderr: 'Cloning into 'tmp/ayameRushia+indobert-base-uncased-finetuned-indonlu-smsa'...
Downloading model.safetensors (442 MB)
Error downloading object: model.safetensors (ba02238): Smudge error: Error downloading model.safetensors (ba0223838cc97d7a32b7c40d853219d7d519f1d0b63d55709f3e00541c2e4479): can't close temporary file ""/afs/crc.nd.edu/user/a/acotaj/wip-model-evolution/scripts/tmp/ayameRushia+indobert-base-uncased-finetuned-indonlu-smsa/.git/lfs/incomplete/ba0223838cc97d7a32b7c40d853219d7d519f1d0b63d55709f3e00541c2e44792249635483"": close /afs/crc.nd.edu/user/a/acotaj/wip-model-evolution/scripts/tmp/ayameRushia+indobert-base-uncased-finetuned-indonlu-smsa/.git/lfs/incomplete/ba0223838cc97d7a32b7c40d853219d7d519f1d0b63d55709f3e00541c2e44792249635483: disk quota exceeded

Errors logged to '/afs/crc.nd.edu/user/a/acotaj/wip-model-evolution/scripts/tmp/ayameRushia+indobert-base-uncased-finetuned-indonlu-smsa/.git/lfs/logs/20241023T123437.557749727.log'.
Use `git lfs logs last` to view the log.
error: external filter 'git-lfs filter-process' failed
fatal: model.safetensors: smudge filter lfs failed
warning: Clone succeeded, but checkout failed.
You can inspect what was checked out with 'git status'
and retry with 'git restore --source=HEAD :/'

'"
ayameRushia/indobert-base-uncased-finetuned-indonlu-smsa,01f273d1c80e40a33be5f09cafb6eec3dda41926,"Cmd('git') failed due to: exit code(128)
  cmdline: git clone -v -- git@hf.co:ayameRushia/indobert-base-uncased-finetuned-indonlu-smsa tmp/ayameRushia+indobert-base-uncased-finetuned-indonlu-smsa
  stderr: 'Cloning into 'tmp/ayameRushia+indobert-base-uncased-finetuned-indonlu-smsa'...
Downloading model.safetensors (442 MB)
Error downloading object: model.safetensors (ba02238): Smudge error: Error downloading model.safetensors (ba0223838cc97d7a32b7c40d853219d7d519f1d0b63d55709f3e00541c2e4479): can't close temporary file ""/afs/crc.nd.edu/user/a/acotaj/wip-model-evolution/scripts/tmp/ayameRushia+indobert-base-uncased-finetuned-indonlu-smsa/.git/lfs/incomplete/ba0223838cc97d7a32b7c40d853219d7d519f1d0b63d55709f3e00541c2e44792138813868"": close /afs/crc.nd.edu/user/a/acotaj/wip-model-evolution/scripts/tmp/ayameRushia+indobert-base-uncased-finetuned-indonlu-smsa/.git/lfs/incomplete/ba0223838cc97d7a32b7c40d853219d7d519f1d0b63d55709f3e00541c2e44792138813868: disk quota exceeded

Errors logged to '/afs/crc.nd.edu/user/a/acotaj/wip-model-evolution/scripts/tmp/ayameRushia+indobert-base-uncased-finetuned-indonlu-smsa/.git/lfs/logs/20241023T123445.63507615.log'.
Use `git lfs logs last` to view the log.
error: external filter 'git-lfs filter-process' failed
fatal: model.safetensors: smudge filter lfs failed
warning: Clone succeeded, but checkout failed.
You can inspect what was checked out with 'git status'
and retry with 'git restore --source=HEAD :/'

'"
aubmindlab/bert-base-arabertv02,5042f1b57f23409ab5919509b0307f46a2c84f07,"Cmd('git') failed due to: exit code(128)
  cmdline: git clone -v -- git@hf.co:aubmindlab/bert-base-arabertv02 tmp/aubmindlab+bert-base-arabertv02
  stderr: 'Cloning into 'tmp/aubmindlab+bert-base-arabertv02'...
Filtering content:  12% (2/16)
Filtering content:  18% (3/16)
error: unable to create file runs/eval/events.out.tfevents.1607686495.tpu-mother: Disk quota exceeded
Filtering content:  25% (4/16)
Downloading flax_model.msgpack (541 MB)
Error downloading object: flax_model.msgpack (e0bbd3d): Smudge error: Error downloading flax_model.msgpack (e0bbd3dffdc55c7adccafaf9c18eaaf2e992bb87e4787d4f580314a5b383e634): open /afs/crc.nd.edu/user/a/acotaj/wip-model-evolution/scripts/tmp/aubmindlab+bert-base-arabertv02/.git/lfs/incomplete/e0bbd3dffdc55c7adccafaf9c18eaaf2e992bb87e4787d4f580314a5b383e6343731021834: disk quota exceeded
Unable to log panic to '/afs/crc.nd.edu/user/a/acotaj/wip-model-evolution/scripts/tmp/aubmindlab+bert-base-arabertv02/.git/lfs/logs': mkdir /afs/crc.nd.edu/user/a/acotaj/wip-model-evolution/scripts/tmp/aubmindlab+bert-base-arabertv02/.git/lfs/logs: disk quota exceeded

git-lfs/3.5.1 (GitHub; linux amd64; go 1.21.7; git e237bb3a)
git version 2.45.1

$ git-lfs filter-process
Error downloading object: flax_model.msgpack (e0bbd3d): Smudge error: Error downloading flax_model.msgpack (e0bbd3dffdc55c7adccafaf9c18eaaf2e992bb87e4787d4f580314a5b383e634): open /afs/crc.nd.edu/user/a/acotaj/wip-model-evolution/scripts/tmp/aubmindlab+bert-base-arabertv02/.git/lfs/incomplete/e0bbd3dffdc55c7adccafaf9c18eaaf2e992bb87e4787d4f580314a5b383e6343731021834: disk quota exceeded

open /afs/crc.nd.edu/user/a/acotaj/wip-model-evolution/scripts/tmp/aubmindlab+bert-base-arabertv02/.git/lfs/incomplete/e0bbd3dffdc55c7adccafaf9c18eaaf2e992bb87e4787d4f580314a5b383e6343731021834: disk quota exceeded
Error downloading flax_model.msgpack (e0bbd3dffdc55c7adccafaf9c18eaaf2e992bb87e4787d4f580314a5b383e634)
github.com/git-lfs/git-lfs/v3/errors.newWrappedError
	github.com/git-lfs/git-lfs/v3/errors/types.go:229
github.com/git-lfs/git-lfs/v3/errors.Wrapf
	github.com/git-lfs/git-lfs/v3/errors/errors.go:85
github.com/git-lfs/git-lfs/v3/lfs.(*GitFilter).downloadFile
	github.com/git-lfs/git-lfs/v3/lfs/gitfilter_smudge.go:134
github.com/git-lfs/git-lfs/v3/lfs.(*GitFilter).Smudge
	github.com/git-lfs/git-lfs/v3/lfs/gitfilter_smudge.go:85
github.com/git-lfs/git-lfs/v3/commands.smudge
	github.com/git-lfs/git-lfs/v3/commands/command_smudge.go:128
github.com/git-lfs/git-lfs/v3/commands.filterCommand
	github.com/git-lfs/git-lfs/v3/commands/command_filter_process.go:131
github.com/spf13/cobra.(*Command).execute
	github.com/spf13/cobra@v1.7.0/command.go:944
github.com/spf13/cobra.(*Command).ExecuteC
	github.com/spf13/cobra@v1.7.0/command.go:1068
github.com/spf13/cobra.(*Command).Execute
	github.com/spf13/cobra@v1.7.0/command.go:992
github.com/git-lfs/git-lfs/v3/commands.Run
	github.com/git-lfs/git-lfs/v3/commands/run.go:154
main.main
	./git-lfs.go:34
runtime.main
	runtime/proc.go:267
runtime.goexit
	runtime/asm_amd64.s:1650
Smudge error
github.com/git-lfs/git-lfs/v3/errors.newWrappedError
	github.com/git-lfs/git-lfs/v3/errors/types.go:229
github.com/git-lfs/git-lfs/v3/errors.NewSmudgeError
	github.com/git-lfs/git-lfs/v3/errors/types.go:315
github.com/git-lfs/git-lfs/v3/lfs.(*GitFilter).Smudge
	github.com/git-lfs/git-lfs/v3/lfs/gitfilter_smudge.go:102
github.com/git-lfs/git-lfs/v3/commands.smudge
	github.com/git-lfs/git-lfs/v3/commands/command_smudge.go:128
github.com/git-lfs/git-lfs/v3/commands.filterCommand
	github.com/git-lfs/git-lfs/v3/commands/command_filter_process.go:131
github.com/spf13/cobra.(*Command).execute
	github.com/spf13/cobra@v1.7.0/command.go:944
github.com/spf13/cobra.(*Command).ExecuteC
	github.com/spf13/cobra@v1.7.0/command.go:1068
github.com/spf13/cobra.(*Command).Execute
	github.com/spf13/cobra@v1.7.0/command.go:992
github.com/git-lfs/git-lfs/v3/commands.Run
	github.com/git-lfs/git-lfs/v3/commands/run.go:154
main.main
	./git-lfs.go:34
runtime.main
	runtime/proc.go:267
runtime.goexit
	runtime/asm_amd64.s:1650

Current time in UTC:
2024-10-23 16:34:59

Environment:
LocalWorkingDir=/afs/crc.nd.edu/user/a/acotaj/wip-model-evolution/scripts/tmp/aubmindlab+bert-base-arabertv02
LocalGitDir=/afs/crc.nd.edu/user/a/acotaj/wip-model-evolution/scripts/tmp/aubmindlab+bert-base-arabertv02/.git
LocalGitStorageDir=/afs/crc.nd.edu/user/a/acotaj/wip-model-evolution/scripts/tmp/aubmindlab+bert-base-arabertv02/.git
LocalMediaDir=/afs/crc.nd.edu/user/a/acotaj/wip-model-evolution/scripts/tmp/aubmindlab+bert-base-arabertv02/.git/lfs/objects
LocalReferenceDirs=
TempDir=/afs/crc.nd.edu/user/a/acotaj/wip-model-evolution/scripts/tmp/aubmindlab+bert-base-arabertv02/.git/lfs/tmp
ConcurrentTransfers=8
TusTransfers=false
BasicTransfersOnly=false
SkipDownloadErrors=false
FetchRecentAlways=false
FetchRecentRefsDays=7
FetchRecentCommitsDays=0
FetchRecentRefsIncludeRemotes=true
PruneOffsetDays=3
PruneVerifyRemoteAlways=false
PruneVerifyUnreachableAlways=false
PruneRemoteName=origin
LfsStorageDir=/afs/crc.nd.edu/user/a/acotaj/wip-model-evolution/scripts/tmp/aubmindlab+bert-base-arabertv02/.git/lfs
AccessDownload=none
AccessUpload=none
DownloadTransfers=basic,lfs-standalone-file,ssh
UploadTransfers=basic,lfs-standalone-file,ssh
GIT_CLONE_TEMPLATE_DIR=/opt/crc/g/git/2.45.1/share/git-core/templates
GIT_DIR=/afs/crc.nd.edu/user/a/acotaj/wip-model-evolution/scripts/tmp/aubmindlab+bert-base-arabertv02/.git
GIT_EXEC_PATH=/opt/crc/g/git/2.45.1/libexec/git-core
GIT_ASKPASS=/afs/crc.nd.edu/user/a/acotaj/.vscode-server/cli/servers/Stable-384ff7382de624fb94dbaf6da11977bba1ecd427/server/extensions/git/dist/askpass.sh
GIT_CLONE_PROTECTION_ACTIVE=false

Client IP addresses:
10.32.85.47
169.254.1.2
error: external filter 'git-lfs filter-process' failed
fatal: flax_model.msgpack: smudge filter lfs failed
warning: Clone succeeded, but checkout failed.
You can inspect what was checked out with 'git status'
and retry with 'git restore --source=HEAD :/'

'"
aubmindlab/bert-base-arabertv02,ed115b9b0489b8860d621800e68496e95b781557,"Cmd('git') failed due to: exit code(128)
  cmdline: git clone -v -- git@hf.co:aubmindlab/bert-base-arabertv02 tmp/aubmindlab+bert-base-arabertv02
  stderr: 'Cloning into 'tmp/aubmindlab+bert-base-arabertv02'...
Filtering content:  12% (2/16)
Filtering content:  18% (3/16)
error: unable to create file runs/eval/events.out.tfevents.1607686495.tpu-mother: Disk quota exceeded
Filtering content:  25% (4/16)
Downloading flax_model.msgpack (541 MB)
Error downloading object: flax_model.msgpack (e0bbd3d): Smudge error: Error downloading flax_model.msgpack (e0bbd3dffdc55c7adccafaf9c18eaaf2e992bb87e4787d4f580314a5b383e634): open /afs/crc.nd.edu/user/a/acotaj/wip-model-evolution/scripts/tmp/aubmindlab+bert-base-arabertv02/.git/lfs/incomplete/e0bbd3dffdc55c7adccafaf9c18eaaf2e992bb87e4787d4f580314a5b383e6343335668233: disk quota exceeded
Unable to log panic to '/afs/crc.nd.edu/user/a/acotaj/wip-model-evolution/scripts/tmp/aubmindlab+bert-base-arabertv02/.git/lfs/logs': mkdir /afs/crc.nd.edu/user/a/acotaj/wip-model-evolution/scripts/tmp/aubmindlab+bert-base-arabertv02/.git/lfs/logs: disk quota exceeded

git-lfs/3.5.1 (GitHub; linux amd64; go 1.21.7; git e237bb3a)
git version 2.45.1

$ git-lfs filter-process
Error downloading object: flax_model.msgpack (e0bbd3d): Smudge error: Error downloading flax_model.msgpack (e0bbd3dffdc55c7adccafaf9c18eaaf2e992bb87e4787d4f580314a5b383e634): open /afs/crc.nd.edu/user/a/acotaj/wip-model-evolution/scripts/tmp/aubmindlab+bert-base-arabertv02/.git/lfs/incomplete/e0bbd3dffdc55c7adccafaf9c18eaaf2e992bb87e4787d4f580314a5b383e6343335668233: disk quota exceeded

open /afs/crc.nd.edu/user/a/acotaj/wip-model-evolution/scripts/tmp/aubmindlab+bert-base-arabertv02/.git/lfs/incomplete/e0bbd3dffdc55c7adccafaf9c18eaaf2e992bb87e4787d4f580314a5b383e6343335668233: disk quota exceeded
Error downloading flax_model.msgpack (e0bbd3dffdc55c7adccafaf9c18eaaf2e992bb87e4787d4f580314a5b383e634)
github.com/git-lfs/git-lfs/v3/errors.newWrappedError
	github.com/git-lfs/git-lfs/v3/errors/types.go:229
github.com/git-lfs/git-lfs/v3/errors.Wrapf
	github.com/git-lfs/git-lfs/v3/errors/errors.go:85
github.com/git-lfs/git-lfs/v3/lfs.(*GitFilter).downloadFile
	github.com/git-lfs/git-lfs/v3/lfs/gitfilter_smudge.go:134
github.com/git-lfs/git-lfs/v3/lfs.(*GitFilter).Smudge
	github.com/git-lfs/git-lfs/v3/lfs/gitfilter_smudge.go:85
github.com/git-lfs/git-lfs/v3/commands.smudge
	github.com/git-lfs/git-lfs/v3/commands/command_smudge.go:128
github.com/git-lfs/git-lfs/v3/commands.filterCommand
	github.com/git-lfs/git-lfs/v3/commands/command_filter_process.go:131
github.com/spf13/cobra.(*Command).execute
	github.com/spf13/cobra@v1.7.0/command.go:944
github.com/spf13/cobra.(*Command).ExecuteC
	github.com/spf13/cobra@v1.7.0/command.go:1068
github.com/spf13/cobra.(*Command).Execute
	github.com/spf13/cobra@v1.7.0/command.go:992
github.com/git-lfs/git-lfs/v3/commands.Run
	github.com/git-lfs/git-lfs/v3/commands/run.go:154
main.main
	./git-lfs.go:34
runtime.main
	runtime/proc.go:267
runtime.goexit
	runtime/asm_amd64.s:1650
Smudge error
github.com/git-lfs/git-lfs/v3/errors.newWrappedError
	github.com/git-lfs/git-lfs/v3/errors/types.go:229
github.com/git-lfs/git-lfs/v3/errors.NewSmudgeError
	github.com/git-lfs/git-lfs/v3/errors/types.go:315
github.com/git-lfs/git-lfs/v3/lfs.(*GitFilter).Smudge
	github.com/git-lfs/git-lfs/v3/lfs/gitfilter_smudge.go:102
github.com/git-lfs/git-lfs/v3/commands.smudge
	github.com/git-lfs/git-lfs/v3/commands/command_smudge.go:128
github.com/git-lfs/git-lfs/v3/commands.filterCommand
	github.com/git-lfs/git-lfs/v3/commands/command_filter_process.go:131
github.com/spf13/cobra.(*Command).execute
	github.com/spf13/cobra@v1.7.0/command.go:944
github.com/spf13/cobra.(*Command).ExecuteC
	github.com/spf13/cobra@v1.7.0/command.go:1068
github.com/spf13/cobra.(*Command).Execute
	github.com/spf13/cobra@v1.7.0/command.go:992
github.com/git-lfs/git-lfs/v3/commands.Run
	github.com/git-lfs/git-lfs/v3/commands/run.go:154
main.main
	./git-lfs.go:34
runtime.main
	runtime/proc.go:267
runtime.goexit
	runtime/asm_amd64.s:1650

Current time in UTC:
2024-10-23 16:35:14

Environment:
LocalWorkingDir=/afs/crc.nd.edu/user/a/acotaj/wip-model-evolution/scripts/tmp/aubmindlab+bert-base-arabertv02
LocalGitDir=/afs/crc.nd.edu/user/a/acotaj/wip-model-evolution/scripts/tmp/aubmindlab+bert-base-arabertv02/.git
LocalGitStorageDir=/afs/crc.nd.edu/user/a/acotaj/wip-model-evolution/scripts/tmp/aubmindlab+bert-base-arabertv02/.git
LocalMediaDir=/afs/crc.nd.edu/user/a/acotaj/wip-model-evolution/scripts/tmp/aubmindlab+bert-base-arabertv02/.git/lfs/objects
LocalReferenceDirs=
TempDir=/afs/crc.nd.edu/user/a/acotaj/wip-model-evolution/scripts/tmp/aubmindlab+bert-base-arabertv02/.git/lfs/tmp
ConcurrentTransfers=8
TusTransfers=false
BasicTransfersOnly=false
SkipDownloadErrors=false
FetchRecentAlways=false
FetchRecentRefsDays=7
FetchRecentCommitsDays=0
FetchRecentRefsIncludeRemotes=true
PruneOffsetDays=3
PruneVerifyRemoteAlways=false
PruneVerifyUnreachableAlways=false
PruneRemoteName=origin
LfsStorageDir=/afs/crc.nd.edu/user/a/acotaj/wip-model-evolution/scripts/tmp/aubmindlab+bert-base-arabertv02/.git/lfs
AccessDownload=none
AccessUpload=none
DownloadTransfers=basic,lfs-standalone-file,ssh
UploadTransfers=basic,lfs-standalone-file,ssh
GIT_CLONE_TEMPLATE_DIR=/opt/crc/g/git/2.45.1/share/git-core/templates
GIT_DIR=/afs/crc.nd.edu/user/a/acotaj/wip-model-evolution/scripts/tmp/aubmindlab+bert-base-arabertv02/.git
GIT_EXEC_PATH=/opt/crc/g/git/2.45.1/libexec/git-core
GIT_ASKPASS=/afs/crc.nd.edu/user/a/acotaj/.vscode-server/cli/servers/Stable-384ff7382de624fb94dbaf6da11977bba1ecd427/server/extensions/git/dist/askpass.sh
GIT_CLONE_PROTECTION_ACTIVE=false

Client IP addresses:
10.32.85.47
169.254.1.2
error: external filter 'git-lfs filter-process' failed
fatal: flax_model.msgpack: smudge filter lfs failed
warning: Clone succeeded, but checkout failed.
You can inspect what was checked out with 'git status'
and retry with 'git restore --source=HEAD :/'

'"
aubmindlab/aragpt2-mega,2a332cfe2ed5e3291f08fe4fe5303cc1c710efa1,"Cmd('git') failed due to: exit code(128)
  cmdline: git clone -v -- git@hf.co:aubmindlab/aragpt2-mega tmp/aubmindlab+aragpt2-mega
  stderr: 'fatal: could not create work tree dir 'tmp/aubmindlab+aragpt2-mega': Disk quota exceeded
'"
aubmindlab/aragpt2-large,c6ee4555d6ad5644a28d71f2ff8d99746ef500f7,"Cmd('git') failed due to: exit code(128)
  cmdline: git clone -v -- git@hf.co:aubmindlab/aragpt2-large tmp/aubmindlab+aragpt2-large
  stderr: 'fatal: could not create work tree dir 'tmp/aubmindlab+aragpt2-large': Disk quota exceeded
'"
