repo_url,commit_hash,model_file_path,serialization_format
deepparag/Aeona,84f562ded0cbd2875dff34c21c7c48e5bc2646fd,deepparag/Aeona/pytorch_model.bin,torch.save
deepparag/Aeona,e70e95989a7c65514963a401ec57699c2ec51a2f,deepparag/Aeona/pytorch_model.bin,torch.save
deepparag/Aeona,33ad7e3e99b5c80347c1bbd46d52344d7508c920,deepparag/Aeona/pytorch_model.bin,torch.save
deepparag/Aeona,96ed7cc20519a49d2adbe82ac20610aa4d004480,deepparag/Aeona/pytorch_model.bin,torch.save
deepparag/Aeona,09bcb3d1d8b0dda562ccc3a90b10af618eda11db,deepparag/Aeona/pytorch_model.bin,torch.save
deepparag/Aeona,9b7b19419b579208abc0950aa698107bbe1862e0,deepparag/Aeona/pytorch_model.bin,torch.save
deepparag/Aeona,766e3e53904f00fc836e1d1acc83b6584864e266,deepparag/Aeona/pytorch_model.bin,torch.save
deepparag/Aeona,bae3afa79cfeb3e5e663cdebda3a051877a24656,deepparag/Aeona/pytorch_model.bin,torch.save
deepparag/Aeona,48dd585173d9ec5b16cc07ef11cfdf9d8d2f927c,deepparag/Aeona/pytorch_model.bin,torch.save
deepparag/Aeona,d9c700574802d77246ef245d52bc478d387d9293,deepparag/Aeona/pytorch_model.bin,torch.save
deepparag/Aeona,01ee2ef4e58b46029445e34b97a22037fa82d734,deepparag/Aeona/pytorch_model.bin,torch.save
deepparag/Aeona,26d60e039a5aa5fe0ad05e7a178f7fa788c2cbf6,deepparag/Aeona/pytorch_model.bin,torch.save
deepparag/Aeona,485d27c1878ce1b9075988e89078c61936286b3d,deepparag/Aeona/pytorch_model.bin,torch.save
deepparag/Aeona,89ad0d17ab000bfad6764fa27340679ceb5f754f,deepparag/Aeona/pytorch_model.bin,torch.save
deepparag/Aeona,69bfcde6527e77220f63be76dc12fe7490d50b30,deepparag/Aeona/pytorch_model.bin,torch.save
deepparag/Aeona,37232a09c3a90c187b49a6af430346141f1b8e47,deepparag/Aeona/pytorch_model.bin,torch.save
deepparag/Aeona,57e04307984d6e1460337c8d867f4852229d7b33,deepparag/Aeona/pytorch_model.bin,torch.save
deepparag/Aeona,6581d5f93f80c786df0e404ad75c95548542a266,deepparag/Aeona/pytorch_model.bin,torch.save
deepparag/Aeona,daea23687d87cb54e0b899b525943084ca9e8e0b,deepparag/Aeona/pytorch_model.bin,torch.save
deepparag/Aeona,1028f02715ae90e796e456906340bd7d396061a3,deepparag/Aeona/pytorch_model.bin,torch.save
deepparag/Aeona,967462dd78e9302fa3f6b37a5de52ffee558a992,deepparag/Aeona/pytorch_model.bin,torch.save
deepparag/Aeona,fa425a8bfb2f0fd9e781c7907f9ccb8538834f89,deepparag/Aeona/pytorch_model.bin,torch.save
deepparag/Aeona,280bb13dd6255184f5d78606ee13bce9daf4ae96,deepparag/Aeona/pytorch_model.bin,torch.save
deepparag/Aeona,442e6eca9590792abd69bac69ca421c19bdd731e,deepparag/Aeona/pytorch_model.bin,torch.save
deepparag/Aeona,1092a1df3dfd0666664b6d8ad3002e2c7cac77a1,deepparag/Aeona/pytorch_model.bin,torch.save
deepparag/Aeona,18a4b7d2d6ab02d1fe3b2da27f801c9891034d6d,deepparag/Aeona/pytorch_model.bin,torch.save
deepparag/Aeona,1154b0751ce484d160475d70f317b3010ee75f31,deepparag/Aeona/pytorch_model.bin,torch.save
deepparag/Aeona,27634786b133b763a29fcc088bbd3af93d3eedea,deepparag/Aeona/pytorch_model.bin,torch.save
deepparag/Aeona,66bc15e1c38ab5a8a147c2cd414da435f61f81fe,deepparag/Aeona/pytorch_model.bin,torch.save
deepparag/Aeona,9acad4391b6a6a242c60459529157bebff318db0,deepparag/Aeona/pytorch_model.bin,torch.save
deepparag/Aeona,d54a5806e60bb24fb39d82eba865166a19c5a681,deepparag/Aeona/pytorch_model.bin,torch.save
deepparag/Aeona,ade9fa6a3dc8e20554ef5fdbaa5eb08d7b35ea91,deepparag/Aeona/pytorch_model.bin,torch.save
deepparag/Aeona,3be2b9824b11b1de4a287000c0411ab9ce4b38df,deepparag/Aeona/pytorch_model.bin,torch.save
deepparag/Aeona,0f49c60dc735583002f19b50089cb7f00bbe6bd3,deepparag/Aeona/pytorch_model.bin,torch.save
deepparag/Aeona,745c3838a27d7a5c3c56a6cc5c80d7d8e7bc9ac5,deepparag/Aeona/pytorch_model.bin,torch.save
deepparag/Aeona,2d106f7d95863d0eb2cc5aa6a5bf623ccf2a4b35,deepparag/Aeona/pytorch_model.bin,torch.save
deepparag/Aeona,63662b382d1202182f5ed085d2a00c9435d35959,deepparag/Aeona/pytorch_model.bin,torch.save
deepparag/Aeona,9d993a22a0249639456b7ae5c4eb9c3983b5e2c1,deepparag/Aeona/pytorch_model.bin,torch.save
deepparag/Aeona,13863a72db145ecba59329bcadb0548a9e9f7fa4,deepparag/Aeona/pytorch_model.bin,torch.save
deepparag/Aeona,b6f7f0118942d51179e8f6b41b6aadaeb31d9239,deepparag/Aeona/pytorch_model.bin,torch.save
deepparag/Aeona,267bca12f48cd9d735b9897b43953cd8a159ed51,deepparag/Aeona/pytorch_model.bin,torch.save
deepparag/Aeona,2b30254948289012bc1e5be5cd4cbfbc78bb8b3a,deepparag/Aeona/pytorch_model.bin,torch.save
deepparag/Aeona,726777a1fc06bb355a789ba3377024d28e661382,deepparag/Aeona/pytorch_model.bin,torch.save
deepparag/Aeona,2d4df64d29598a625459535603cf89bf591cdf43,deepparag/Aeona/pytorch_model.bin,torch.save
deepparag/Aeona,aebe976001387a993218cf305b1e32c0f5da7e72,deepparag/Aeona/pytorch_model.bin,torch.save
deepparag/Aeona,75095e01d8926abe4e5bc0f7563ac60f5362bda6,deepparag/Aeona/pytorch_model.bin,torch.save
deepparag/Aeona,2b646e0fe9d20684c5b3328da58127d9a19a845a,deepparag/Aeona/pytorch_model.bin,torch.save
deepparag/Aeona,cfe017ce119ccc948473061f7072424c732ad275,deepparag/Aeona/pytorch_model.bin,torch.save
deepparag/Aeona,bb4b3dd76c9142ec457178dcab516b6b54b02a83,deepparag/Aeona/pytorch_model.bin,torch.save
deepparag/Aeona,ceaca91ce57f015ddfa0fabf127b5266f2c623b4,deepparag/Aeona/pytorch_model.bin,torch.save
deepparag/Aeona,032c3e1f5d37a331ba12438ead566c0295e21660,deepparag/Aeona/pytorch_model.bin,torch.save
deepparag/Aeona,abb5dfd8f14dce3f27ba870eb1016f70996e83fe,deepparag/Aeona/pytorch_model.bin,torch.save
deepparag/Aeona,752dbb8b3bf9f57fcd2f7d39168a84ca41499b18,deepparag/Aeona/pytorch_model.bin,torch.save
deepparag/Aeona,905e27f6e057549606b26ae905bd15df7af10a46,deepparag/Aeona/pytorch_model.bin,torch.save
deepparag/Aeona,fd1f5a8cc15ffc3a05f9a2b210639936db971f09,deepparag/Aeona/pytorch_model.bin,torch.save
deepparag/Aeona,6f0dbf4381c2379739e66e357c42c1835b909712,deepparag/Aeona/pytorch_model.bin,torch.save
deepparag/Aeona,3c1c6b7df636668cfa54f8c58c642bdc8b453ace,deepparag/Aeona/pytorch_model.bin,torch.save
deepparag/Aeona,9795d96cb5da7e3cd8cc6de4da9a2e66f1051cb1,deepparag/Aeona/pytorch_model.bin,torch.save
deepparag/Aeona,6fde42e4e64aa87dc2bccc3a9de5bf9cc538e1cb,deepparag/Aeona/pytorch_model.bin,torch.save
deepparag/Aeona,0b7ff6e511297aaa1344138c6f228a5f86420db4,deepparag/Aeona/pytorch_model.bin,torch.save
deepparag/Aeona,4dfa43cd99e47f2505bcaeb912b98232eb9d5627,deepparag/Aeona/pytorch_model.bin,torch.save
deepparag/Aeona,c83f3629129aac1a2a8bc96339f11a6ec55e2406,deepparag/Aeona/pytorch_model.bin,torch.save
deepparag/Aeona,d80a8b3e34ae65966b1fe2b37053d1e8e5ca3071,deepparag/Aeona/pytorch_model.bin,torch.save
deepparag/Aeona,2d5f9a202a2f3f9dfd3cd9322280d2e40c03080a,deepparag/Aeona/pytorch_model.bin,torch.save
deepparag/Aeona,6cd16e2a964049dd01ba59cda643124095606ea5,deepparag/Aeona/pytorch_model.bin,torch.save
deepparag/Aeona,ac2013aaf48d55dc64c60af0c22877c960323f56,deepparag/Aeona/pytorch_model.bin,torch.save
deepparag/Aeona,21485d13e55358cff535f46e6b18080e80941ee6,deepparag/Aeona/pytorch_model.bin,torch.save
deepparag/Aeona,f3587578c0715e07f10c93e7eeec4f43d3feac85,deepparag/Aeona/pytorch_model.bin,torch.save
deepparag/Aeona,ab46e9ef2c6179241f156c1781059380a0caa54f,deepparag/Aeona/pytorch_model.bin,torch.save
deepparag/Aeona,fcc3a3c07aed80b0383c948ce589c724d9b77830,deepparag/Aeona/pytorch_model.bin,torch.save
deepparag/Aeona,859629bc303bb86625f5af9a08210d6562a4a08d,deepparag/Aeona/pytorch_model.bin,torch.save
deepparag/Aeona,a7582cecdb634f447df7fd1792d2dacc71678cef,deepparag/Aeona/pytorch_model.bin,torch.save
deepparag/Aeona,d2d081b88487c52ee6797c3c4d126e348d87c225,deepparag/Aeona/pytorch_model.bin,torch.save
deepparag/Aeona,4ed652baaaffe18a46a3c40995a21282927a8429,deepparag/Aeona/pytorch_model.bin,torch.save
deepparag/Aeona,3489322921500f94d5ed5f9bf87782abbebb7ea2,deepparag/Aeona/pytorch_model.bin,torch.save
deepparag/Aeona,857f968b8b81414149f3ffd3f73921ec769589c1,deepparag/Aeona/pytorch_model.bin,torch.save
deepparag/Aeona,dd57f0883a3542bbac5a3d296e7402a18c822e21,deepparag/Aeona/pytorch_model.bin,torch.save
deepparag/Aeona,2ea4cc77dfb1e619cf21c894234bf1259eff7a30,deepparag/Aeona/pytorch_model.bin,torch.save
deepparag/Aeona,2040b11629d4833fd417f84a3820bc36440c7f12,deepparag/Aeona/pytorch_model.bin,torch.save
deepparag/Aeona,ed9c01fc2784f691090505e100f2c6fbebf8cc4d,deepparag/Aeona/pytorch_model.bin,torch.save
deepparag/Aeona,293e5ab1e3857b9dafa86fc1a3446a7b569ed78b,deepparag/Aeona/pytorch_model.bin,torch.save
deepparag/Aeona,5047cc892c110a46f75301a55781bbca12bdeeff,deepparag/Aeona/pytorch_model.bin,torch.save
deepparag/Aeona,29516d989cf5be3e91b87789a7b156548bbb1881,deepparag/Aeona/pytorch_model.bin,torch.save
